OrderItemID,OrderID,ProductID,Quantity,UnitPrice,DiscountAmount
OI0000001,O000001,P0028,4,430.5,172.2
OI0000002,O000001,P0026,5,350.83,87.71
OI0000003,O000001,P0008,3,465.81,0.0
OI0000004,O000001,P0013,3,502.9,75.43
OI0000005,O000002,P0030,4,889.5,0.0
OI0000006,O000003,P0006,1,655.37,0.0
OI0000007,O000003,P0007,4,814.45,162.89
OI0000008,O000003,P0009,4,737.96,0.0
OI0000009,O000003,P0016,1,202.55,0.0
OI0000010,O000004,P0025,1,232.46,0.0
OI0000011,O000005,P0022,1,391.32,0.0
OI0000012,O000005,P0015,3,896.75,0.0
OI0000013,O000005,P0020,5,260.13,0.0
OI0000014,O000005,P0025,2,232.97,0.0
OI0000015,O000006,P0013,2,458.19,0.0
OI0000016,O000006,P0004,3,807.95,242.39
OI0000017,O000006,P0026,1,345.66,34.57
OI0000018,O000006,P0026,1,322.82,16.14
OI0000019,O000007,P0028,4,449.21,0.0
OI0000020,O000008,P0006,5,729.21,0.0
OI0000021,O000008,P0020,5,253.06,63.27
OI0000022,O000008,P0014,5,811.68,0.0
OI0000023,O000008,P0027,1,87.74,4.39
OI0000024,O000009,P0011,1,534.45,0.0
OI0000025,O000009,P0006,4,650.34,0.0
OI0000026,O000009,P0011,3,566.21,0.0
OI0000027,O000009,P0018,1,751.71,0.0
OI0000028,O000010,P0023,4,87.93,17.59
OI0000029,O000010,P0015,1,807.45,0.0
OI0000030,O000011,P0016,5,196.01,49.0
OI0000031,O000011,P0024,5,327.13,81.78
OI0000032,O000011,P0009,3,737.86,0.0
OI0000033,O000012,P0007,2,867.45,0.0
OI0000034,O000012,P0024,5,360.51,180.25
OI0000035,O000013,P0006,3,629.62,188.89
OI0000036,O000013,P0005,3,884.27,0.0
OI0000037,O000013,P0018,3,772.57,0.0
OI0000038,O000014,P0016,4,190.3,0.0
OI0000039,O000014,P0009,4,721.65,0.0
OI0000040,O000014,P0013,4,458.04,0.0
OI0000041,O000014,P0005,2,996.25,0.0
OI0000042,O000015,P0020,5,253.66,0.0
OI0000043,O000015,P0025,5,213.42,53.35
OI0000044,O000015,P0010,5,157.34,0.0
OI0000045,O000015,P0019,5,701.45,0.0
OI0000046,O000016,P0006,2,646.33,0.0
OI0000047,O000017,P0010,1,140.26,0.0
OI0000048,O000017,P0023,4,80.32,0.0
OI0000049,O000017,P0030,3,915.94,274.78
OI0000050,O000017,P0022,2,383.04,76.61
OI0000051,O000018,P0003,1,330.92,0.0
OI0000052,O000018,P0020,5,258.54,64.64
OI0000053,O000019,P0017,5,487.39,0.0
OI0000054,O000019,P0020,1,257.35,0.0
OI0000055,O000019,P0020,3,225.09,0.0
OI0000056,O000020,P0019,1,782.8,0.0
OI0000057,O000020,P0016,5,199.63,0.0
OI0000058,O000020,P0006,5,673.77,168.44
OI0000059,O000021,P0022,1,408.83,0.0
OI0000060,O000021,P0014,4,814.25,162.85
OI0000061,O000021,P0027,5,84.36,0.0
OI0000062,O000022,P0028,5,449.38,0.0
OI0000063,O000022,P0022,5,385.24,0.0
OI0000064,O000022,P0007,5,818.94,204.74
OI0000065,O000022,P0021,4,654.54,0.0
OI0000066,O000023,P0029,4,712.81,285.12
OI0000067,O000023,P0026,2,341.26,0.0
OI0000068,O000023,P0018,1,755.82,0.0
OI0000069,O000023,P0008,1,467.67,0.0
OI0000070,O000024,P0014,4,903.85,0.0
OI0000071,O000024,P0015,5,814.29,0.0
OI0000072,O000024,P0030,5,878.21,0.0
OI0000073,O000025,P0027,1,87.8,0.0
OI0000074,O000025,P0027,5,91.95,22.99
OI0000075,O000025,P0028,2,424.47,42.45
OI0000076,O000026,P0015,3,910.36,0.0
OI0000077,O000026,P0019,4,721.51,144.3
OI0000078,O000026,P0002,3,696.5,104.48
OI0000079,O000026,P0013,2,489.81,0.0
OI0000080,O000027,P0028,4,401.63,80.33
OI0000081,O000028,P0003,4,363.95,0.0
OI0000082,O000028,P0011,5,550.77,0.0
OI0000083,O000029,P0021,4,665.42,0.0
OI0000084,O000029,P0020,1,232.9,0.0
OI0000085,O000029,P0008,1,465.68,0.0
OI0000086,O000030,P0002,3,701.81,0.0
OI0000087,O000031,P0019,2,714.15,0.0
OI0000088,O000031,P0020,4,247.28,0.0
OI0000089,O000031,P0016,5,184.37,46.09
OI0000090,O000031,P0021,3,625.45,0.0
OI0000091,O000032,P0012,5,340.65,85.16
OI0000092,O000032,P0023,3,85.42,0.0
OI0000093,O000032,P0007,4,882.22,0.0
OI0000094,O000032,P0008,4,475.66,190.26
OI0000095,O000033,P0009,1,774.98,0.0
OI0000096,O000033,P0030,5,910.18,0.0
OI0000097,O000033,P0025,2,221.01,0.0
OI0000098,O000033,P0008,2,479.21,0.0
OI0000099,O000034,P0002,5,657.27,0.0
OI0000100,O000034,P0003,3,339.55,50.93
OI0000101,O000034,P0006,2,641.97,128.39
OI0000102,O000034,P0029,3,760.49,0.0
OI0000103,O000035,P0024,3,351.6,52.74
OI0000104,O000035,P0003,2,362.49,0.0
OI0000105,O000035,P0028,4,458.75,183.5
OI0000106,O000036,P0015,3,884.29,0.0
OI0000107,O000037,P0016,1,198.67,19.87
OI0000108,O000037,P0011,5,511.98,0.0
OI0000109,O000038,P0005,1,1016.02,0.0
OI0000110,O000039,P0013,4,480.43,192.17
OI0000111,O000039,P0014,5,873.04,0.0
OI0000112,O000040,P0009,1,789.66,0.0
OI0000113,O000040,P0015,4,921.09,0.0
OI0000114,O000040,P0004,3,771.88,0.0
OI0000115,O000040,P0002,4,648.09,0.0
OI0000116,O000041,P0002,3,644.75,0.0
OI0000117,O000042,P0019,2,788.58,0.0
OI0000118,O000042,P0011,2,558.67,111.73
OI0000119,O000043,P0026,2,310.75,0.0
OI0000120,O000043,P0005,1,930.01,0.0
OI0000121,O000043,P0019,3,696.3,0.0
OI0000122,O000044,P0016,4,203.42,81.37
OI0000123,O000045,P0024,5,325.63,0.0
OI0000124,O000046,P0016,4,182.28,0.0
OI0000125,O000047,P0020,5,244.61,0.0
OI0000126,O000047,P0013,5,492.47,123.12
OI0000127,O000047,P0017,5,482.61,0.0
OI0000128,O000048,P0014,3,884.07,132.61
OI0000129,O000048,P0014,1,817.4,0.0
OI0000130,O000049,P0003,1,366.65,0.0
OI0000131,O000049,P0014,1,873.34,0.0
OI0000132,O000049,P0026,2,333.46,66.69
OI0000133,O000049,P0018,5,730.14,0.0
OI0000134,O000050,P0010,5,142.09,0.0
OI0000135,O000051,P0028,1,418.12,41.81
OI0000136,O000051,P0012,1,365.71,36.57
OI0000137,O000052,P0020,3,225.21,0.0
OI0000138,O000053,P0019,4,702.53,0.0
OI0000139,O000053,P0003,5,333.56,83.39
OI0000140,O000054,P0025,5,220.64,0.0
OI0000141,O000054,P0005,2,987.96,0.0
OI0000142,O000054,P0022,1,373.92,18.7
OI0000143,O000055,P0025,5,204.51,51.13
OI0000144,O000055,P0004,3,787.65,236.29
OI0000145,O000056,P0020,1,224.41,0.0
OI0000146,O000056,P0007,2,870.74,0.0
OI0000147,O000056,P0011,1,494.4,24.72
OI0000148,O000056,P0006,2,667.94,0.0
OI0000149,O000057,P0014,1,836.46,0.0
OI0000150,O000058,P0010,1,144.17,0.0
OI0000151,O000058,P0006,5,676.3,0.0
OI0000152,O000058,P0003,4,367.33,0.0
OI0000153,O000058,P0014,5,828.78,0.0
OI0000154,O000059,P0003,5,356.0,178.0
OI0000155,O000059,P0017,2,518.32,0.0
OI0000156,O000060,P0009,2,728.66,0.0
OI0000157,O000060,P0025,1,206.63,10.33
OI0000158,O000061,P0022,5,396.03,198.01
OI0000159,O000061,P0011,3,506.19,0.0
OI0000160,O000061,P0016,4,199.02,0.0
OI0000161,O000061,P0019,1,735.21,0.0
OI0000162,O000062,P0027,3,84.92,0.0
OI0000163,O000062,P0020,5,243.07,60.77
OI0000164,O000062,P0019,5,804.92,0.0
OI0000165,O000063,P0017,2,522.2,52.22
OI0000166,O000063,P0004,3,823.53,0.0
OI0000167,O000063,P0017,2,453.26,45.33
OI0000168,O000063,P0015,5,864.4,0.0
OI0000169,O000064,P0022,5,360.82,0.0
OI0000170,O000064,P0003,3,327.08,49.06
OI0000171,O000064,P0010,3,151.34,45.4
OI0000172,O000065,P0030,3,851.49,127.72
OI0000173,O000065,P0005,5,981.29,0.0
OI0000174,O000066,P0027,2,93.21,18.64
OI0000175,O000066,P0003,4,349.3,0.0
OI0000176,O000066,P0012,3,334.22,0.0
OI0000177,O000067,P0005,1,920.87,0.0
OI0000178,O000067,P0017,5,513.0,256.5
OI0000179,O000068,P0020,4,229.89,0.0
OI0000180,O000068,P0027,5,95.15,0.0
OI0000181,O000069,P0015,5,832.88,208.22
OI0000182,O000069,P0008,5,451.58,112.9
OI0000183,O000070,P0025,3,226.73,68.02
OI0000184,O000070,P0017,4,522.85,0.0
OI0000185,O000070,P0026,5,312.2,0.0
OI0000186,O000070,P0002,4,709.86,283.94
OI0000187,O000071,P0003,2,336.65,67.33
OI0000188,O000071,P0005,4,891.02,0.0
OI0000189,O000071,P0027,4,96.21,0.0
OI0000190,O000072,P0013,1,480.73,0.0
OI0000191,O000072,P0011,1,562.83,0.0
OI0000192,O000073,P0023,2,89.42,8.94
OI0000193,O000073,P0015,5,795.82,0.0
OI0000194,O000073,P0001,3,843.81,0.0
OI0000195,O000073,P0018,5,753.0,0.0
OI0000196,O000074,P0014,5,836.12,0.0
OI0000197,O000074,P0027,4,92.18,0.0
OI0000198,O000075,P0014,1,856.54,0.0
OI0000199,O000075,P0019,4,716.16,0.0
OI0000200,O000075,P0017,3,455.4,136.62
OI0000201,O000076,P0028,4,397.93,79.59
OI0000202,O000076,P0012,3,364.88,0.0
OI0000203,O000076,P0026,1,322.7,0.0
OI0000204,O000076,P0025,5,225.29,0.0
OI0000205,O000077,P0027,4,97.55,19.51
OI0000206,O000077,P0021,2,659.52,0.0
OI0000207,O000078,P0029,1,735.42,0.0
OI0000208,O000078,P0017,4,524.56,209.82
OI0000209,O000079,P0010,3,154.46,0.0
OI0000210,O000079,P0028,3,413.05,0.0
OI0000211,O000080,P0011,2,534.6,53.46
OI0000212,O000080,P0012,5,338.89,0.0
OI0000213,O000080,P0024,4,314.12,125.65
OI0000214,O000080,P0027,2,91.47,0.0
OI0000215,O000081,P0015,5,890.23,0.0
OI0000216,O000081,P0023,4,84.03,0.0
OI0000217,O000081,P0024,3,341.81,51.27
OI0000218,O000082,P0012,5,367.79,0.0
OI0000219,O000082,P0001,2,929.75,92.98
OI0000220,O000082,P0002,2,626.54,0.0
OI0000221,O000082,P0012,4,375.81,0.0
OI0000222,O000083,P0015,1,871.18,87.12
OI0000223,O000083,P0012,4,341.47,0.0
OI0000224,O000083,P0008,1,436.14,0.0
OI0000225,O000084,P0009,3,791.28,0.0
OI0000226,O000085,P0028,1,424.83,21.24
OI0000227,O000085,P0003,3,357.85,0.0
OI0000228,O000086,P0023,2,89.88,17.98
OI0000229,O000086,P0008,1,505.57,0.0
OI0000230,O000087,P0015,5,812.32,0.0
OI0000231,O000087,P0003,3,343.38,51.51
OI0000232,O000087,P0017,4,508.05,203.22
OI0000233,O000088,P0015,5,840.78,420.39
OI0000234,O000088,P0021,5,598.57,0.0
OI0000235,O000088,P0014,5,894.85,0.0
OI0000236,O000088,P0027,1,91.08,0.0
OI0000237,O000089,P0012,5,372.86,0.0
OI0000238,O000089,P0009,2,783.14,156.63
OI0000239,O000090,P0017,2,494.74,98.95
OI0000240,O000091,P0027,5,84.42,0.0
OI0000241,O000091,P0003,1,372.92,37.29
OI0000242,O000091,P0009,2,798.71,79.87
OI0000243,O000092,P0016,2,204.22,20.42
OI0000244,O000092,P0010,4,136.7,0.0
OI0000245,O000092,P0006,4,671.65,134.33
OI0000246,O000093,P0024,3,360.44,0.0
OI0000247,O000093,P0025,3,217.93,0.0
OI0000248,O000093,P0011,2,532.16,0.0
OI0000249,O000094,P0013,5,483.99,0.0
OI0000250,O000094,P0027,3,96.89,0.0
OI0000251,O000094,P0007,2,836.51,167.3
OI0000252,O000095,P0013,5,486.94,0.0
OI0000253,O000096,P0016,5,206.55,51.64
OI0000254,O000096,P0010,5,135.24,0.0
OI0000255,O000096,P0014,2,891.19,0.0
OI0000256,O000097,P0012,5,340.08,85.02
OI0000257,O000097,P0017,4,507.7,0.0
OI0000258,O000098,P0018,3,779.21,0.0
OI0000259,O000098,P0020,5,239.12,0.0
OI0000260,O000098,P0002,1,633.75,0.0
OI0000261,O000099,P0011,5,519.98,130.0
OI0000262,O000099,P0020,3,246.31,73.89
OI0000263,O000100,P0016,1,191.13,0.0
OI0000264,O000100,P0014,5,816.77,0.0
OI0000265,O000100,P0020,4,234.05,93.62
OI0000266,O000101,P0017,5,508.46,127.11
OI0000267,O000101,P0005,2,882.23,0.0
OI0000268,O000102,P0014,2,830.06,166.01
OI0000269,O000102,P0030,4,927.41,0.0
OI0000270,O000103,P0017,4,473.87,0.0
OI0000271,O000103,P0015,5,840.49,0.0
OI0000272,O000103,P0022,3,394.07,0.0
OI0000273,O000103,P0008,3,474.66,0.0
OI0000274,O000104,P0011,4,522.47,0.0
OI0000275,O000104,P0010,1,147.96,14.8
OI0000276,O000104,P0013,4,514.17,0.0
OI0000277,O000104,P0010,1,141.53,0.0
OI0000278,O000105,P0007,5,807.27,403.63
OI0000279,O000105,P0023,3,81.2,24.36
OI0000280,O000106,P0021,2,586.03,58.6
OI0000281,O000106,P0011,4,502.04,0.0
OI0000282,O000107,P0016,2,202.76,0.0
OI0000283,O000107,P0011,3,546.92,0.0
OI0000284,O000107,P0021,5,603.43,0.0
OI0000285,O000107,P0030,2,866.02,0.0
OI0000286,O000108,P0029,1,699.75,69.98
OI0000287,O000108,P0020,1,258.81,0.0
OI0000288,O000108,P0010,4,157.32,62.93
OI0000289,O000109,P0009,2,803.65,0.0
OI0000290,O000109,P0006,4,696.01,0.0
OI0000291,O000109,P0001,3,921.89,276.57
OI0000292,O000109,P0022,2,368.16,36.82
OI0000293,O000110,P0006,2,678.12,0.0
OI0000294,O000111,P0011,3,541.7,162.51
OI0000295,O000111,P0001,3,903.28,0.0
OI0000296,O000111,P0002,1,667.66,0.0
OI0000297,O000112,P0023,1,87.83,0.0
OI0000298,O000112,P0012,5,336.41,0.0
OI0000299,O000112,P0016,2,193.73,38.75
OI0000300,O000113,P0025,2,223.46,44.69
OI0000301,O000113,P0028,1,429.67,42.97
OI0000302,O000114,P0019,5,711.82,0.0
OI0000303,O000114,P0028,5,424.16,0.0
OI0000304,O000115,P0015,2,863.14,86.31
OI0000305,O000116,P0024,1,330.5,0.0
OI0000306,O000116,P0024,2,339.92,0.0
OI0000307,O000116,P0014,3,867.62,260.29
OI0000308,O000117,P0006,2,708.31,70.83
OI0000309,O000117,P0012,4,348.72,69.74
OI0000310,O000117,P0013,1,503.94,50.39
OI0000311,O000117,P0005,3,894.96,268.49
OI0000312,O000118,P0027,1,94.41,0.0
OI0000313,O000118,P0015,5,851.33,212.83
OI0000314,O000119,P0007,1,776.52,38.83
OI0000315,O000119,P0020,1,233.12,0.0
OI0000316,O000119,P0004,5,711.62,355.81
OI0000317,O000120,P0018,2,779.14,0.0
OI0000318,O000120,P0005,5,1022.92,0.0
OI0000319,O000121,P0008,3,497.69,149.31
OI0000320,O000121,P0008,4,456.02,0.0
OI0000321,O000121,P0018,5,793.6,0.0
OI0000322,O000122,P0021,4,657.04,0.0
OI0000323,O000122,P0023,4,84.78,0.0
OI0000324,O000122,P0013,2,509.35,50.94
OI0000325,O000123,P0026,4,351.69,140.68
OI0000326,O000123,P0014,4,849.09,0.0
OI0000327,O000124,P0030,4,923.94,0.0
OI0000328,O000125,P0022,5,393.64,0.0
OI0000329,O000125,P0007,5,865.61,432.81
OI0000330,O000125,P0007,4,799.26,0.0
OI0000331,O000125,P0010,1,139.82,0.0
OI0000332,O000126,P0013,2,494.09,0.0
OI0000333,O000126,P0013,4,492.7,0.0
OI0000334,O000127,P0015,1,901.51,45.08
OI0000335,O000127,P0025,3,231.28,0.0
OI0000336,O000127,P0011,4,497.53,0.0
OI0000337,O000127,P0024,2,310.88,62.18
OI0000338,O000128,P0013,5,515.3,128.83
OI0000339,O000128,P0018,3,721.8,108.27
OI0000340,O000129,P0006,2,703.55,70.36
OI0000341,O000129,P0006,5,731.81,0.0
OI0000342,O000129,P0017,1,513.3,0.0
OI0000343,O000130,P0003,2,322.5,64.5
OI0000344,O000130,P0015,3,803.13,240.94
OI0000345,O000131,P0001,1,886.41,0.0
OI0000346,O000131,P0018,3,694.1,104.12
OI0000347,O000131,P0026,2,310.61,0.0
OI0000348,O000131,P0017,2,468.41,93.68
OI0000349,O000132,P0003,3,373.5,56.03
OI0000350,O000132,P0019,2,809.09,0.0
OI0000351,O000132,P0010,1,149.77,0.0
OI0000352,O000132,P0003,4,342.37,136.95
OI0000353,O000133,P0016,4,199.43,0.0
OI0000354,O000134,P0007,5,833.58,0.0
OI0000355,O000134,P0030,1,901.99,0.0
OI0000356,O000135,P0001,2,894.23,89.42
OI0000357,O000135,P0030,1,850.01,85.0
OI0000358,O000135,P0008,5,494.68,123.67
OI0000359,O000136,P0026,1,330.63,0.0
OI0000360,O000136,P0002,1,664.73,0.0
OI0000361,O000137,P0025,3,201.69,0.0
OI0000362,O000137,P0026,4,330.12,0.0
OI0000363,O000137,P0018,4,741.93,296.77
OI0000364,O000137,P0022,4,362.8,145.12
OI0000365,O000138,P0013,2,508.23,0.0
OI0000366,O000138,P0012,1,329.42,0.0
OI0000367,O000139,P0006,4,675.13,270.05
OI0000368,O000140,P0018,1,760.98,0.0
OI0000369,O000140,P0028,4,395.88,79.18
OI0000370,O000140,P0013,1,507.12,50.71
OI0000371,O000141,P0006,2,656.29,0.0
OI0000372,O000141,P0016,2,181.97,18.2
OI0000373,O000141,P0009,4,743.56,0.0
OI0000374,O000141,P0012,3,375.53,56.33
OI0000375,O000142,P0013,3,515.92,77.39
OI0000376,O000143,P0010,3,148.63,0.0
OI0000377,O000143,P0016,3,185.4,27.81
OI0000378,O000144,P0011,4,516.83,103.37
OI0000379,O000144,P0012,1,374.87,0.0
OI0000380,O000145,P0023,2,85.18,0.0
OI0000381,O000145,P0027,1,95.29,4.76
OI0000382,O000145,P0022,4,365.99,0.0
OI0000383,O000145,P0008,3,481.94,72.29
OI0000384,O000146,P0019,4,756.33,151.27
OI0000385,O000146,P0018,1,783.33,0.0
OI0000386,O000146,P0023,5,87.24,0.0
OI0000387,O000146,P0004,2,785.22,0.0
OI0000388,O000147,P0025,3,233.0,34.95
OI0000389,O000147,P0004,1,719.29,0.0
OI0000390,O000147,P0017,5,492.2,246.1
OI0000391,O000147,P0008,4,461.35,92.27
OI0000392,O000148,P0004,3,756.72,0.0
OI0000393,O000148,P0004,2,748.74,0.0
OI0000394,O000148,P0015,2,864.18,0.0
OI0000395,O000148,P0016,1,193.22,9.66
OI0000396,O000149,P0001,3,902.5,0.0
OI0000397,O000150,P0018,4,802.68,0.0
OI0000398,O000150,P0026,4,337.19,0.0
OI0000399,O000150,P0021,4,619.25,247.7
OI0000400,O000151,P0023,2,82.1,0.0
OI0000401,O000152,P0015,1,829.89,41.49
OI0000402,O000152,P0017,3,495.13,148.54
OI0000403,O000153,P0020,2,254.52,0.0
OI0000404,O000153,P0030,5,889.27,0.0
OI0000405,O000153,P0011,1,513.4,0.0
OI0000406,O000153,P0006,3,700.73,210.22
OI0000407,O000154,P0014,2,839.94,167.99
OI0000408,O000154,P0023,2,86.72,8.67
OI0000409,O000154,P0010,2,139.27,13.93
OI0000410,O000154,P0020,1,256.46,0.0
OI0000411,O000155,P0014,4,830.74,166.15
OI0000412,O000155,P0016,2,182.55,0.0
OI0000413,O000155,P0026,2,320.02,0.0
OI0000414,O000155,P0008,5,455.16,113.79
OI0000415,O000156,P0019,1,725.48,72.55
OI0000416,O000157,P0018,2,806.29,0.0
OI0000417,O000157,P0024,2,325.42,0.0
OI0000418,O000157,P0015,3,841.32,0.0
OI0000419,O000157,P0015,1,897.91,0.0
OI0000420,O000158,P0006,5,642.71,0.0
OI0000421,O000158,P0027,2,95.1,19.02
OI0000422,O000158,P0012,5,339.67,169.84
OI0000423,O000158,P0006,3,730.63,0.0
OI0000424,O000159,P0005,4,1011.99,0.0
OI0000425,O000160,P0027,2,94.48,9.45
OI0000426,O000160,P0016,2,197.4,0.0
OI0000427,O000160,P0021,4,617.28,0.0
OI0000428,O000161,P0015,4,838.5,0.0
OI0000429,O000161,P0028,1,443.19,22.16
OI0000430,O000161,P0021,3,663.26,198.98
OI0000431,O000162,P0009,3,805.95,0.0
OI0000432,O000162,P0018,5,707.18,176.79
OI0000433,O000162,P0026,3,350.64,0.0
OI0000434,O000162,P0002,1,684.26,34.21
OI0000435,O000163,P0014,2,905.85,0.0
OI0000436,O000164,P0009,1,752.07,0.0
OI0000437,O000164,P0002,4,684.2,0.0
OI0000438,O000164,P0014,1,868.05,0.0
OI0000439,O000165,P0017,4,451.02,0.0
OI0000440,O000165,P0027,1,97.65,4.88
OI0000441,O000166,P0024,1,315.37,0.0
OI0000442,O000167,P0021,2,587.57,117.51
OI0000443,O000167,P0001,5,902.78,225.69
OI0000444,O000168,P0030,4,892.76,178.55
OI0000445,O000168,P0028,2,400.77,0.0
OI0000446,O000169,P0012,4,341.48,0.0
OI0000447,O000169,P0008,3,480.92,0.0
OI0000448,O000169,P0018,5,761.33,380.67
OI0000449,O000169,P0010,1,154.14,0.0
OI0000450,O000170,P0010,1,152.7,0.0
OI0000451,O000170,P0016,4,183.46,36.69
OI0000452,O000170,P0021,5,587.83,0.0
OI0000453,O000170,P0012,3,331.61,99.48
OI0000454,O000171,P0025,1,201.26,0.0
OI0000455,O000171,P0001,3,843.82,0.0
OI0000456,O000171,P0026,4,330.93,132.37
OI0000457,O000171,P0025,4,214.87,42.97
OI0000458,O000172,P0009,1,744.76,74.48
OI0000459,O000172,P0030,2,941.1,0.0
OI0000460,O000173,P0010,4,151.48,0.0
OI0000461,O000174,P0015,5,875.81,0.0
OI0000462,O000175,P0006,4,727.91,291.16
OI0000463,O000176,P0024,3,347.91,0.0
OI0000464,O000176,P0025,1,211.91,10.6
OI0000465,O000177,P0016,4,195.4,0.0
OI0000466,O000178,P0025,1,230.61,0.0
OI0000467,O000178,P0008,5,434.45,0.0
OI0000468,O000178,P0008,1,468.41,23.42
OI0000469,O000179,P0008,3,452.24,0.0
OI0000470,O000179,P0009,1,775.64,0.0
OI0000471,O000179,P0017,1,463.78,46.38
OI0000472,O000179,P0002,4,626.71,125.34
OI0000473,O000180,P0001,3,841.78,252.53
OI0000474,O000180,P0026,3,342.78,0.0
OI0000475,O000180,P0015,3,873.53,131.03
OI0000476,O000180,P0025,2,225.2,45.04
OI0000477,O000181,P0008,5,459.34,0.0
OI0000478,O000182,P0004,2,770.15,0.0
OI0000479,O000182,P0014,4,901.39,0.0
OI0000480,O000182,P0023,3,80.61,0.0
OI0000481,O000183,P0019,1,752.98,37.65
OI0000482,O000184,P0008,3,453.16,0.0
OI0000483,O000184,P0030,4,904.19,0.0
OI0000484,O000185,P0005,5,893.55,0.0
OI0000485,O000185,P0006,4,676.93,135.39
OI0000486,O000186,P0015,3,856.53,0.0
OI0000487,O000186,P0003,2,365.35,0.0
OI0000488,O000187,P0012,4,352.23,0.0
OI0000489,O000187,P0009,2,711.85,71.19
OI0000490,O000188,P0004,2,721.99,0.0
OI0000491,O000188,P0027,2,85.67,8.57
OI0000492,O000188,P0012,1,355.96,0.0
OI0000493,O000188,P0030,1,812.57,0.0
OI0000494,O000189,P0029,3,712.94,106.94
OI0000495,O000190,P0016,1,191.56,9.58
OI0000496,O000190,P0006,3,650.62,0.0
OI0000497,O000190,P0009,3,760.83,0.0
OI0000498,O000190,P0002,5,683.54,0.0
OI0000499,O000191,P0002,1,648.49,0.0
OI0000500,O000191,P0014,2,860.14,172.03
OI0000501,O000191,P0008,5,491.8,122.95
OI0000502,O000191,P0026,3,329.56,49.43
OI0000503,O000192,P0006,1,661.52,0.0
OI0000504,O000192,P0001,3,822.49,123.37
OI0000505,O000192,P0017,3,507.88,0.0
OI0000506,O000193,P0018,1,780.25,0.0
OI0000507,O000193,P0019,4,735.54,0.0
OI0000508,O000193,P0006,2,690.17,0.0
OI0000509,O000194,P0019,2,791.32,79.13
OI0000510,O000194,P0018,3,712.37,0.0
OI0000511,O000195,P0017,4,450.38,180.15
OI0000512,O000196,P0002,1,634.85,0.0
OI0000513,O000196,P0025,1,229.01,0.0
OI0000514,O000196,P0003,3,359.82,53.97
OI0000515,O000197,P0024,4,350.96,70.19
OI0000516,O000197,P0021,3,597.82,179.35
OI0000517,O000198,P0010,3,137.92,0.0
OI0000518,O000198,P0023,5,84.56,42.28
OI0000519,O000198,P0002,2,681.8,136.36
OI0000520,O000198,P0008,5,441.8,110.45
OI0000521,O000199,P0006,1,714.16,0.0
OI0000522,O000199,P0015,1,830.27,0.0
OI0000523,O000199,P0023,1,84.02,0.0
OI0000524,O000200,P0006,4,679.76,135.95
OI0000525,O000200,P0012,5,344.77,86.19
OI0000526,O000200,P0026,5,338.27,0.0
OI0000527,O000200,P0006,4,635.85,0.0
OI0000528,O000201,P0003,3,331.14,49.67
OI0000529,O000202,P0011,5,574.85,143.71
OI0000530,O000203,P0006,1,638.74,0.0
OI0000531,O000203,P0007,4,862.12,344.85
OI0000532,O000203,P0009,3,743.29,0.0
OI0000533,O000203,P0002,4,678.64,135.73
OI0000534,O000204,P0010,5,145.87,0.0
OI0000535,O000205,P0016,1,189.33,9.47
OI0000536,O000206,P0006,3,720.84,0.0
OI0000537,O000206,P0006,4,632.81,126.56
OI0000538,O000206,P0015,3,825.1,0.0
OI0000539,O000206,P0019,1,711.97,0.0
OI0000540,O000207,P0025,5,208.31,0.0
OI0000541,O000207,P0027,4,95.28,19.06
OI0000542,O000207,P0018,4,758.18,0.0
OI0000543,O000207,P0016,3,182.44,0.0
OI0000544,O000208,P0004,4,728.05,0.0
OI0000545,O000208,P0007,2,788.61,78.86
OI0000546,O000209,P0027,5,87.45,0.0
OI0000547,O000209,P0003,4,351.87,140.75
OI0000548,O000210,P0026,5,335.05,83.76
OI0000549,O000211,P0030,1,885.56,0.0
OI0000550,O000212,P0013,4,495.59,99.12
OI0000551,O000212,P0002,2,648.04,0.0
OI0000552,O000212,P0020,5,249.56,62.39
OI0000553,O000213,P0024,4,357.62,0.0
OI0000554,O000214,P0028,1,459.1,0.0
OI0000555,O000214,P0005,3,1020.11,153.02
OI0000556,O000214,P0025,3,209.71,31.46
OI0000557,O000214,P0020,1,231.15,0.0
OI0000558,O000215,P0027,1,91.04,0.0
OI0000559,O000215,P0003,3,360.09,54.01
OI0000560,O000215,P0005,5,1006.23,0.0
OI0000561,O000216,P0002,4,624.82,0.0
OI0000562,O000216,P0023,2,83.0,8.3
OI0000563,O000217,P0012,4,356.59,0.0
OI0000564,O000217,P0028,4,433.71,0.0
OI0000565,O000218,P0010,1,143.76,0.0
OI0000566,O000219,P0022,2,373.74,37.37
OI0000567,O000219,P0017,1,515.22,0.0
OI0000568,O000220,P0008,3,478.3,0.0
OI0000569,O000221,P0009,2,763.27,152.65
OI0000570,O000221,P0027,5,89.39,0.0
OI0000571,O000221,P0001,5,950.21,0.0
OI0000572,O000221,P0018,5,762.37,0.0
OI0000573,O000222,P0021,3,664.36,0.0
OI0000574,O000222,P0021,3,599.19,179.76
OI0000575,O000222,P0025,2,230.79,46.16
OI0000576,O000223,P0021,4,677.53,0.0
OI0000577,O000224,P0011,2,550.25,55.03
OI0000578,O000224,P0030,3,878.09,0.0
OI0000579,O000225,P0024,3,347.51,104.25
OI0000580,O000225,P0025,2,232.37,0.0
OI0000581,O000226,P0014,3,825.05,247.51
OI0000582,O000226,P0010,4,154.21,30.84
OI0000583,O000226,P0002,5,679.52,339.76
OI0000584,O000227,P0017,3,481.33,0.0
OI0000585,O000227,P0005,2,927.73,185.55
OI0000586,O000227,P0029,4,715.35,0.0
OI0000587,O000227,P0025,1,217.01,0.0
OI0000588,O000228,P0007,2,846.55,0.0
OI0000589,O000228,P0016,1,183.96,9.2
OI0000590,O000228,P0021,4,620.01,124.0
OI0000591,O000229,P0001,3,917.28,275.18
OI0000592,O000229,P0007,1,859.49,0.0
OI0000593,O000229,P0008,3,456.86,0.0
OI0000594,O000230,P0027,1,88.01,0.0
OI0000595,O000231,P0014,2,821.3,82.13
OI0000596,O000231,P0012,2,333.38,33.34
OI0000597,O000231,P0001,2,844.99,0.0
OI0000598,O000232,P0004,3,791.53,0.0
OI0000599,O000232,P0013,3,510.62,153.19
OI0000600,O000233,P0002,1,662.63,33.13
OI0000601,O000234,P0007,1,811.13,0.0
OI0000602,O000234,P0022,5,373.79,186.9
OI0000603,O000235,P0010,1,152.72,7.64
OI0000604,O000236,P0012,4,340.44,0.0
OI0000605,O000236,P0018,4,797.13,159.43
OI0000606,O000237,P0030,1,922.34,46.12
OI0000607,O000238,P0029,3,773.7,116.06
OI0000608,O000239,P0028,1,451.18,0.0
OI0000609,O000239,P0026,3,326.83,0.0
OI0000610,O000240,P0022,2,377.29,37.73
OI0000611,O000240,P0020,3,256.94,0.0
OI0000612,O000241,P0015,3,905.87,135.88
OI0000613,O000241,P0026,4,338.16,0.0
OI0000614,O000241,P0004,2,789.77,0.0
OI0000615,O000241,P0028,2,401.89,80.38
OI0000616,O000242,P0025,3,221.15,0.0
OI0000617,O000242,P0016,4,183.46,36.69
OI0000618,O000242,P0015,1,803.52,0.0
OI0000619,O000242,P0001,5,918.73,459.37
OI0000620,O000243,P0014,2,839.33,83.93
OI0000621,O000244,P0017,4,514.26,0.0
OI0000622,O000244,P0003,4,339.22,0.0
OI0000623,O000245,P0013,2,458.4,45.84
OI0000624,O000245,P0026,5,327.95,81.99
OI0000625,O000245,P0015,3,810.85,121.63
OI0000626,O000245,P0024,1,315.34,15.77
OI0000627,O000246,P0026,5,354.15,0.0
OI0000628,O000247,P0011,3,561.69,0.0
OI0000629,O000247,P0028,4,416.92,166.77
OI0000630,O000247,P0020,4,250.9,0.0
OI0000631,O000247,P0023,4,80.89,0.0
OI0000632,O000248,P0018,5,735.25,0.0
OI0000633,O000248,P0002,2,670.45,67.05
OI0000634,O000248,P0004,3,779.71,0.0
OI0000635,O000249,P0023,3,80.81,12.12
OI0000636,O000249,P0002,5,632.32,158.08
OI0000637,O000250,P0016,1,195.99,0.0
OI0000638,O000250,P0018,4,788.88,157.78
OI0000639,O000251,P0024,2,315.39,63.08
OI0000640,O000251,P0020,3,242.96,36.44
OI0000641,O000252,P0010,4,153.17,0.0
OI0000642,O000252,P0014,5,867.57,433.79
OI0000643,O000252,P0010,5,154.43,77.22
OI0000644,O000253,P0022,3,412.61,0.0
OI0000645,O000253,P0023,2,86.05,0.0
OI0000646,O000253,P0023,1,89.45,8.95
OI0000647,O000254,P0022,5,374.74,93.69
OI0000648,O000254,P0026,1,331.75,0.0
OI0000649,O000254,P0013,2,456.46,0.0
OI0000650,O000254,P0007,3,868.94,0.0
OI0000651,O000255,P0023,3,82.08,24.62
OI0000652,O000256,P0024,5,330.14,165.07
OI0000653,O000256,P0026,3,340.41,0.0
OI0000654,O000257,P0018,1,693.61,0.0
OI0000655,O000257,P0007,5,884.22,221.06
OI0000656,O000257,P0027,2,96.58,0.0
OI0000657,O000258,P0010,4,139.05,0.0
OI0000658,O000258,P0006,2,705.09,0.0
OI0000659,O000259,P0005,2,963.03,0.0
OI0000660,O000259,P0001,3,877.84,0.0
OI0000661,O000259,P0002,2,715.49,143.1
OI0000662,O000260,P0016,5,196.58,0.0
OI0000663,O000260,P0026,3,331.88,0.0
OI0000664,O000260,P0017,1,509.34,0.0
OI0000665,O000261,P0008,2,482.28,0.0
OI0000666,O000261,P0012,3,336.28,100.88
OI0000667,O000261,P0017,4,525.13,0.0
OI0000668,O000262,P0002,3,658.98,0.0
OI0000669,O000262,P0013,3,493.2,0.0
OI0000670,O000263,P0016,1,188.97,0.0
OI0000671,O000263,P0011,5,500.54,0.0
OI0000672,O000263,P0006,5,683.96,0.0
OI0000673,O000263,P0007,2,883.71,88.37
OI0000674,O000264,P0021,1,653.27,0.0
OI0000675,O000264,P0001,4,911.86,0.0
OI0000676,O000264,P0003,1,324.92,0.0
OI0000677,O000264,P0018,1,758.44,0.0
OI0000678,O000265,P0014,3,779.11,0.0
OI0000679,O000265,P0018,1,766.11,76.61
OI0000680,O000265,P0003,5,324.45,0.0
OI0000681,O000265,P0012,5,330.21,0.0
OI0000682,O000266,P0016,2,196.08,0.0
OI0000683,O000267,P0010,3,156.6,0.0
OI0000684,O000267,P0018,5,708.43,0.0
OI0000685,O000268,P0010,2,151.9,0.0
OI0000686,O000269,P0008,5,494.69,0.0
OI0000687,O000269,P0004,2,786.8,157.36
OI0000688,O000270,P0010,1,140.7,0.0
OI0000689,O000271,P0004,3,780.73,0.0
OI0000690,O000271,P0011,4,530.85,212.34
OI0000691,O000272,P0026,3,353.92,0.0
OI0000692,O000272,P0001,3,847.96,0.0
OI0000693,O000272,P0023,4,83.04,0.0
OI0000694,O000273,P0015,3,897.8,134.67
OI0000695,O000273,P0018,1,712.39,71.24
OI0000696,O000273,P0003,3,368.1,0.0
OI0000697,O000273,P0029,5,721.54,0.0
OI0000698,O000274,P0025,5,207.82,0.0
OI0000699,O000274,P0018,3,754.81,226.44
OI0000700,O000274,P0016,2,191.05,0.0
OI0000701,O000274,P0029,5,784.05,0.0
OI0000702,O000275,P0012,5,325.04,0.0
OI0000703,O000275,P0028,5,440.11,220.06
OI0000704,O000275,P0005,4,900.9,360.36
OI0000705,O000275,P0019,2,779.66,77.97
OI0000706,O000276,P0003,3,341.84,0.0
OI0000707,O000276,P0022,2,388.57,0.0
OI0000708,O000277,P0021,3,590.94,177.28
OI0000709,O000278,P0013,4,480.0,0.0
OI0000710,O000278,P0017,3,478.57,0.0
OI0000711,O000279,P0016,4,206.7,0.0
OI0000712,O000279,P0017,2,483.34,0.0
OI0000713,O000279,P0003,5,356.55,0.0
OI0000714,O000280,P0022,2,382.41,0.0
OI0000715,O000281,P0021,4,583.12,0.0
OI0000716,O000281,P0005,5,964.25,0.0
OI0000717,O000282,P0009,2,769.16,76.92
OI0000718,O000282,P0020,5,247.95,0.0
OI0000719,O000283,P0028,4,406.29,81.26
OI0000720,O000283,P0020,2,253.81,0.0
OI0000721,O000283,P0020,5,234.01,0.0
OI0000722,O000283,P0030,4,890.13,0.0
OI0000723,O000284,P0007,5,883.02,441.51
OI0000724,O000285,P0029,5,768.52,384.26
OI0000725,O000285,P0017,1,457.32,0.0
OI0000726,O000285,P0029,5,761.47,0.0
OI0000727,O000285,P0029,4,759.46,0.0
OI0000728,O000286,P0026,4,322.99,129.2
OI0000729,O000286,P0004,4,723.45,144.69
OI0000730,O000286,P0025,2,231.14,0.0
OI0000731,O000286,P0010,5,154.79,38.7
OI0000732,O000287,P0019,5,708.11,0.0
OI0000733,O000288,P0014,3,790.73,118.61
OI0000734,O000288,P0021,5,605.51,302.76
OI0000735,O000288,P0014,5,824.27,0.0
OI0000736,O000289,P0006,3,686.67,103.0
OI0000737,O000289,P0009,3,776.36,116.45
OI0000738,O000289,P0024,2,354.22,0.0
OI0000739,O000289,P0024,2,333.12,0.0
OI0000740,O000290,P0026,5,336.39,0.0
OI0000741,O000290,P0006,4,729.12,0.0
OI0000742,O000290,P0026,1,347.03,17.35
OI0000743,O000291,P0003,5,324.04,81.01
OI0000744,O000291,P0030,4,892.48,356.99
OI0000745,O000291,P0010,5,136.35,0.0
OI0000746,O000292,P0007,1,873.29,87.33
OI0000747,O000292,P0017,2,496.5,0.0
OI0000748,O000292,P0012,2,359.89,0.0
OI0000749,O000293,P0013,5,467.56,0.0
OI0000750,O000293,P0024,1,357.54,35.75
OI0000751,O000293,P0010,5,155.65,0.0
OI0000752,O000293,P0012,3,336.71,0.0
OI0000753,O000294,P0014,5,790.71,0.0
OI0000754,O000294,P0017,3,475.84,0.0
OI0000755,O000295,P0023,4,92.16,36.86
OI0000756,O000295,P0016,2,202.81,20.28
OI0000757,O000295,P0022,4,411.14,0.0
OI0000758,O000296,P0022,2,405.4,40.54
OI0000759,O000296,P0012,5,353.43,0.0
OI0000760,O000297,P0003,5,372.0,93.0
OI0000761,O000297,P0011,3,511.75,153.53
OI0000762,O000297,P0009,2,819.97,0.0
OI0000763,O000298,P0028,3,408.68,0.0
OI0000764,O000298,P0027,2,95.53,0.0
OI0000765,O000299,P0022,4,394.29,157.72
OI0000766,O000300,P0029,5,799.83,199.96
OI0000767,O000300,P0006,5,657.48,0.0
OI0000768,O000300,P0025,5,204.99,102.5
OI0000769,O000300,P0026,4,329.49,131.8
OI0000770,O000301,P0015,1,887.65,44.38
OI0000771,O000301,P0011,1,494.74,0.0
OI0000772,O000302,P0006,5,655.65,0.0
OI0000773,O000302,P0016,5,190.37,0.0
OI0000774,O000302,P0016,4,186.39,0.0
OI0000775,O000303,P0019,2,788.72,0.0
OI0000776,O000303,P0026,2,333.41,33.34
OI0000777,O000304,P0006,4,680.44,272.18
OI0000778,O000305,P0009,5,809.51,0.0
OI0000779,O000305,P0013,1,504.53,0.0
OI0000780,O000305,P0007,3,833.72,0.0
OI0000781,O000306,P0018,5,799.61,0.0
OI0000782,O000306,P0012,1,346.74,0.0
OI0000783,O000306,P0028,5,408.16,204.08
OI0000784,O000307,P0025,4,230.46,46.09
OI0000785,O000307,P0020,3,241.45,0.0
OI0000786,O000307,P0028,2,437.24,0.0
OI0000787,O000307,P0014,5,850.94,0.0
OI0000788,O000308,P0021,3,649.74,194.92
OI0000789,O000308,P0021,4,607.21,121.44
OI0000790,O000308,P0025,3,225.72,67.72
OI0000791,O000309,P0005,2,974.44,0.0
OI0000792,O000310,P0030,4,883.64,0.0
OI0000793,O000311,P0003,4,338.61,0.0
OI0000794,O000311,P0024,3,332.94,0.0
OI0000795,O000312,P0028,3,451.97,67.8
OI0000796,O000312,P0028,5,456.62,228.31
OI0000797,O000312,P0015,2,923.61,184.72
OI0000798,O000313,P0017,5,473.57,0.0
OI0000799,O000313,P0016,5,186.89,0.0
OI0000800,O000313,P0015,3,843.6,0.0
OI0000801,O000313,P0005,3,879.15,263.75
OI0000802,O000314,P0023,4,91.91,18.38
OI0000803,O000315,P0026,1,333.05,0.0
OI0000804,O000315,P0014,5,833.52,0.0
OI0000805,O000316,P0009,1,758.02,0.0
OI0000806,O000316,P0017,5,510.94,0.0
OI0000807,O000317,P0007,1,795.85,0.0
OI0000808,O000317,P0004,4,780.52,0.0
OI0000809,O000317,P0023,5,85.89,0.0
OI0000810,O000317,P0001,2,821.27,164.25
OI0000811,O000318,P0023,4,89.0,0.0
OI0000812,O000318,P0003,2,322.8,0.0
OI0000813,O000319,P0012,4,362.16,0.0
OI0000814,O000319,P0011,1,563.19,0.0
OI0000815,O000319,P0002,3,699.69,0.0
OI0000816,O000319,P0018,4,713.07,0.0
OI0000817,O000320,P0013,4,471.1,0.0
OI0000818,O000320,P0007,4,867.03,0.0
OI0000819,O000321,P0030,3,831.03,0.0
OI0000820,O000321,P0024,5,336.96,0.0
OI0000821,O000321,P0016,3,186.04,0.0
OI0000822,O000322,P0001,2,922.38,184.48
OI0000823,O000322,P0004,4,800.74,0.0
OI0000824,O000322,P0002,5,700.5,175.12
OI0000825,O000323,P0003,5,340.17,0.0
OI0000826,O000323,P0002,3,686.16,205.85
OI0000827,O000323,P0026,1,311.56,0.0
OI0000828,O000323,P0011,5,558.66,0.0
OI0000829,O000324,P0012,2,338.03,0.0
OI0000830,O000324,P0016,4,196.85,78.74
OI0000831,O000324,P0023,4,81.89,0.0
OI0000832,O000324,P0018,3,729.46,109.42
OI0000833,O000325,P0015,3,903.71,271.11
OI0000834,O000325,P0012,4,324.51,129.8
OI0000835,O000326,P0025,5,208.69,0.0
OI0000836,O000326,P0022,5,406.52,0.0
OI0000837,O000326,P0017,4,507.8,0.0
OI0000838,O000327,P0004,5,785.37,0.0
OI0000839,O000328,P0007,1,776.47,38.82
OI0000840,O000328,P0022,4,389.04,155.62
OI0000841,O000328,P0009,1,751.42,75.14
OI0000842,O000328,P0023,1,79.55,0.0
OI0000843,O000329,P0012,5,364.67,91.17
OI0000844,O000330,P0017,1,505.44,0.0
OI0000845,O000330,P0003,2,373.56,0.0
OI0000846,O000330,P0004,2,770.37,0.0
OI0000847,O000331,P0018,5,740.01,0.0
OI0000848,O000331,P0025,5,212.67,53.17
OI0000849,O000332,P0017,3,499.67,149.9
OI0000850,O000332,P0020,4,259.0,0.0
OI0000851,O000332,P0018,3,789.57,118.44
OI0000852,O000332,P0025,4,228.33,0.0
OI0000853,O000333,P0012,4,348.67,69.73
OI0000854,O000333,P0001,1,947.98,94.8
OI0000855,O000333,P0001,5,832.87,0.0
OI0000856,O000334,P0001,3,939.31,281.79
OI0000857,O000334,P0018,5,798.93,0.0
OI0000858,O000334,P0004,1,761.96,0.0
OI0000859,O000335,P0008,3,492.97,0.0
OI0000860,O000335,P0019,4,760.34,0.0
OI0000861,O000336,P0016,5,204.67,0.0
OI0000862,O000336,P0020,3,225.52,67.66
OI0000863,O000337,P0012,4,346.99,0.0
OI0000864,O000337,P0028,2,444.29,88.86
OI0000865,O000337,P0030,1,895.17,44.76
OI0000866,O000338,P0011,5,551.19,0.0
OI0000867,O000338,P0002,4,719.87,287.95
OI0000868,O000339,P0026,4,312.69,0.0
OI0000869,O000339,P0003,4,352.68,0.0
OI0000870,O000339,P0018,4,722.4,144.48
OI0000871,O000340,P0018,2,748.39,149.68
OI0000872,O000340,P0007,5,851.67,425.83
OI0000873,O000340,P0008,2,439.45,43.95
OI0000874,O000340,P0011,5,501.14,125.28
OI0000875,O000341,P0020,1,252.88,0.0
OI0000876,O000341,P0012,5,368.9,92.23
OI0000877,O000341,P0020,2,240.58,0.0
OI0000878,O000342,P0004,1,736.33,73.63
OI0000879,O000343,P0010,4,145.66,0.0
OI0000880,O000344,P0018,4,763.99,0.0
OI0000881,O000344,P0023,1,84.36,8.44
OI0000882,O000344,P0002,3,637.18,0.0
OI0000883,O000345,P0021,1,587.4,0.0
OI0000884,O000345,P0022,3,409.22,0.0
OI0000885,O000345,P0010,4,140.26,28.05
OI0000886,O000345,P0017,1,518.16,25.91
OI0000887,O000346,P0018,1,696.7,69.67
OI0000888,O000346,P0010,3,146.08,0.0
OI0000889,O000346,P0001,3,907.44,0.0
OI0000890,O000346,P0021,3,603.82,181.15
OI0000891,O000347,P0018,3,718.14,0.0
OI0000892,O000348,P0017,5,515.82,0.0
OI0000893,O000348,P0014,2,851.11,85.11
OI0000894,O000348,P0010,5,142.47,71.23
OI0000895,O000348,P0005,2,973.04,194.61
OI0000896,O000349,P0023,5,91.41,22.85
OI0000897,O000349,P0030,2,898.18,179.64
OI0000898,O000349,P0030,2,852.47,170.49
OI0000899,O000350,P0024,1,349.59,17.48
OI0000900,O000350,P0014,3,834.29,0.0
OI0000901,O000351,P0001,5,898.29,449.14
OI0000902,O000351,P0019,5,721.2,0.0
OI0000903,O000352,P0005,5,1001.37,250.34
OI0000904,O000352,P0023,3,81.81,12.27
OI0000905,O000352,P0016,4,184.2,0.0
OI0000906,O000352,P0008,1,463.84,0.0
OI0000907,O000353,P0025,2,202.91,20.29
OI0000908,O000353,P0028,5,427.32,0.0
OI0000909,O000354,P0020,4,251.03,50.21
OI0000910,O000355,P0017,1,484.22,0.0
OI0000911,O000356,P0018,4,751.65,0.0
OI0000912,O000357,P0025,3,216.13,32.42
OI0000913,O000357,P0010,5,155.74,77.87
OI0000914,O000357,P0029,2,752.65,75.27
OI0000915,O000358,P0013,4,476.85,0.0
OI0000916,O000358,P0006,4,689.94,0.0
OI0000917,O000359,P0023,1,80.59,4.03
OI0000918,O000359,P0021,3,589.21,88.38
OI0000919,O000360,P0002,2,713.8,142.76
OI0000920,O000360,P0028,2,405.74,0.0
OI0000921,O000360,P0006,1,672.06,0.0
OI0000922,O000360,P0024,4,324.96,0.0
OI0000923,O000361,P0001,4,882.09,176.42
OI0000924,O000361,P0018,1,762.25,38.11
OI0000925,O000361,P0008,2,476.89,47.69
OI0000926,O000362,P0008,5,454.4,227.2
OI0000927,O000363,P0002,2,707.77,141.55
OI0000928,O000363,P0027,5,88.01,0.0
OI0000929,O000363,P0002,1,662.65,0.0
OI0000930,O000364,P0015,5,842.86,0.0
OI0000931,O000364,P0003,3,339.34,50.9
OI0000932,O000365,P0010,4,138.08,0.0
OI0000933,O000366,P0020,1,228.21,22.82
OI0000934,O000366,P0003,4,360.87,144.35
OI0000935,O000367,P0017,5,525.0,0.0
OI0000936,O000367,P0030,2,892.52,89.25
OI0000937,O000367,P0017,4,487.29,0.0
OI0000938,O000368,P0004,1,762.49,0.0
OI0000939,O000369,P0012,5,368.06,0.0
OI0000940,O000369,P0001,2,908.21,0.0
OI0000941,O000369,P0026,1,320.82,32.08
OI0000942,O000370,P0011,4,553.38,221.35
OI0000943,O000370,P0001,2,840.87,0.0
OI0000944,O000370,P0030,4,933.26,0.0
OI0000945,O000371,P0015,4,918.07,0.0
OI0000946,O000371,P0027,5,88.03,0.0
OI0000947,O000371,P0018,5,694.28,347.14
OI0000948,O000372,P0027,1,88.58,4.43
OI0000949,O000372,P0021,5,662.52,331.26
OI0000950,O000372,P0020,4,231.13,0.0
OI0000951,O000373,P0014,1,841.29,0.0
OI0000952,O000373,P0012,4,369.32,0.0
OI0000953,O000373,P0007,5,811.29,0.0
OI0000954,O000374,P0017,1,510.29,51.03
OI0000955,O000374,P0005,2,927.36,92.74
OI0000956,O000374,P0024,5,326.08,0.0
OI0000957,O000374,P0005,1,997.86,99.79
OI0000958,O000375,P0001,3,941.11,282.33
OI0000959,O000376,P0017,3,452.01,0.0
OI0000960,O000377,P0018,3,781.26,0.0
OI0000961,O000377,P0009,2,726.77,0.0
OI0000962,O000377,P0001,5,890.51,0.0
OI0000963,O000378,P0005,3,961.58,0.0
OI0000964,O000378,P0003,3,354.92,0.0
OI0000965,O000378,P0018,4,697.97,0.0
OI0000966,O000379,P0003,4,343.04,137.22
OI0000967,O000380,P0023,5,80.42,20.11
OI0000968,O000380,P0019,2,705.23,70.52
OI0000969,O000381,P0016,2,208.51,0.0
OI0000970,O000381,P0028,5,412.06,0.0
OI0000971,O000381,P0013,2,505.21,0.0
OI0000972,O000381,P0026,3,328.22,0.0
OI0000973,O000382,P0028,2,413.65,0.0
OI0000974,O000382,P0020,5,228.89,0.0
OI0000975,O000382,P0013,1,477.03,0.0
OI0000976,O000382,P0026,3,332.26,49.84
OI0000977,O000383,P0016,4,182.05,0.0
OI0000978,O000383,P0027,5,89.87,22.47
OI0000979,O000384,P0022,1,401.77,40.18
OI0000980,O000384,P0027,4,85.44,34.18
OI0000981,O000385,P0006,3,728.21,0.0
OI0000982,O000385,P0020,1,249.73,24.97
OI0000983,O000385,P0025,4,211.65,0.0
OI0000984,O000385,P0003,2,365.86,73.17
OI0000985,O000386,P0018,3,737.1,221.13
OI0000986,O000386,P0015,2,822.38,0.0
OI0000987,O000386,P0010,5,152.93,0.0
OI0000988,O000386,P0030,4,906.49,0.0
OI0000989,O000387,P0028,2,451.2,0.0
OI0000990,O000387,P0012,5,376.81,0.0
OI0000991,O000387,P0023,5,90.24,0.0
OI0000992,O000387,P0004,3,809.76,0.0
OI0000993,O000388,P0023,4,84.75,16.95
OI0000994,O000388,P0018,2,768.54,76.85
OI0000995,O000388,P0005,2,958.85,0.0
OI0000996,O000389,P0005,1,888.1,0.0
OI0000997,O000389,P0005,4,973.84,0.0
OI0000998,O000390,P0020,2,241.1,24.11
OI0000999,O000390,P0018,4,736.5,0.0
OI0001000,O000390,P0006,4,691.43,276.57
OI0001001,O000390,P0016,2,201.44,0.0
OI0001002,O000391,P0019,4,776.06,0.0
OI0001003,O000392,P0015,5,805.49,402.75
OI0001004,O000392,P0003,2,347.37,0.0
OI0001005,O000392,P0022,5,405.28,0.0
OI0001006,O000393,P0015,5,915.19,457.6
OI0001007,O000393,P0024,3,331.8,0.0
OI0001008,O000393,P0010,2,135.85,27.17
OI0001009,O000393,P0024,3,347.61,104.28
OI0001010,O000394,P0022,3,405.92,121.78
OI0001011,O000395,P0028,3,411.66,123.5
OI0001012,O000396,P0020,2,258.12,0.0
OI0001013,O000397,P0016,2,204.06,0.0
OI0001014,O000397,P0011,1,573.37,57.34
OI0001015,O000398,P0022,4,400.98,0.0
OI0001016,O000398,P0007,5,866.9,0.0
OI0001017,O000399,P0002,2,667.51,66.75
OI0001018,O000400,P0016,3,184.43,27.66
OI0001019,O000400,P0001,3,940.41,141.06
OI0001020,O000400,P0013,3,524.98,0.0
OI0001021,O000400,P0004,5,782.84,195.71
OI0001022,O000401,P0009,5,754.35,0.0
OI0001023,O000402,P0011,5,494.64,0.0
OI0001024,O000402,P0027,1,84.01,0.0
OI0001025,O000403,P0009,2,712.2,142.44
OI0001026,O000403,P0003,1,372.38,0.0
OI0001027,O000403,P0020,1,250.58,0.0
OI0001028,O000404,P0029,1,779.68,0.0
OI0001029,O000404,P0010,4,149.92,0.0
OI0001030,O000405,P0009,2,800.33,0.0
OI0001031,O000405,P0025,1,213.5,0.0
OI0001032,O000405,P0002,3,718.28,0.0
OI0001033,O000406,P0020,4,230.79,46.16
OI0001034,O000406,P0004,2,771.43,77.14
OI0001035,O000407,P0004,1,716.26,71.63
OI0001036,O000407,P0024,3,350.2,0.0
OI0001037,O000407,P0029,4,716.0,0.0
OI0001038,O000408,P0029,4,765.58,306.23
OI0001039,O000408,P0023,4,85.71,17.14
OI0001040,O000408,P0028,1,430.63,0.0
OI0001041,O000409,P0011,3,526.74,0.0
OI0001042,O000409,P0012,5,370.62,0.0
OI0001043,O000409,P0003,4,362.82,0.0
OI0001044,O000410,P0022,2,375.51,37.55
OI0001045,O000410,P0029,1,772.1,0.0
OI0001046,O000410,P0016,1,206.64,10.33
OI0001047,O000410,P0024,2,317.27,0.0
OI0001048,O000411,P0003,5,356.54,89.14
OI0001049,O000411,P0018,4,803.62,0.0
OI0001050,O000411,P0002,3,625.38,0.0
OI0001051,O000411,P0013,1,468.42,46.84
OI0001052,O000412,P0030,1,814.61,0.0
OI0001053,O000412,P0016,1,194.21,19.42
OI0001054,O000413,P0029,3,794.24,0.0
OI0001055,O000414,P0027,1,85.44,8.54
OI0001056,O000415,P0011,1,574.07,57.41
OI0001057,O000415,P0018,2,729.21,0.0
OI0001058,O000415,P0025,1,220.54,0.0
OI0001059,O000415,P0003,1,336.71,16.84
OI0001060,O000416,P0008,5,437.21,0.0
OI0001061,O000416,P0026,5,324.29,0.0
OI0001062,O000416,P0001,4,825.49,0.0
OI0001063,O000416,P0006,1,702.13,70.21
OI0001064,O000417,P0005,3,954.12,143.12
OI0001065,O000417,P0008,2,478.46,0.0
OI0001066,O000418,P0021,3,614.63,0.0
OI0001067,O000419,P0020,3,256.35,76.91
OI0001068,O000420,P0009,1,731.05,0.0
OI0001069,O000420,P0022,4,387.36,0.0
OI0001070,O000421,P0009,3,780.99,117.15
OI0001071,O000421,P0002,1,696.06,69.61
OI0001072,O000421,P0006,2,710.37,71.04
OI0001073,O000421,P0017,1,455.64,0.0
OI0001074,O000422,P0024,3,321.93,0.0
OI0001075,O000422,P0011,2,501.84,50.18
OI0001076,O000423,P0002,4,634.56,253.82
OI0001077,O000423,P0015,2,846.45,0.0
OI0001078,O000423,P0015,2,878.88,0.0
OI0001079,O000423,P0007,3,788.75,236.62
OI0001080,O000424,P0015,4,817.81,0.0
OI0001081,O000424,P0008,3,477.96,143.39
OI0001082,O000424,P0029,2,765.99,153.2
OI0001083,O000424,P0028,2,400.76,80.15
OI0001084,O000425,P0009,1,794.35,0.0
OI0001085,O000425,P0008,3,465.7,0.0
OI0001086,O000425,P0029,5,808.86,404.43
OI0001087,O000425,P0029,1,747.32,0.0
OI0001088,O000426,P0016,1,193.65,0.0
OI0001089,O000426,P0003,5,362.43,90.61
OI0001090,O000426,P0007,2,818.51,0.0
OI0001091,O000426,P0021,1,582.49,0.0
OI0001092,O000427,P0015,4,897.41,179.48
OI0001093,O000428,P0028,1,420.41,0.0
OI0001094,O000429,P0023,5,86.56,0.0
OI0001095,O000429,P0026,1,336.72,0.0
OI0001096,O000429,P0024,1,336.64,0.0
OI0001097,O000430,P0012,3,333.95,100.19
OI0001098,O000431,P0008,5,442.49,110.62
OI0001099,O000431,P0024,5,355.06,0.0
OI0001100,O000431,P0025,2,211.42,0.0
OI0001101,O000432,P0012,3,348.93,104.68
OI0001102,O000433,P0015,5,843.91,0.0
OI0001103,O000433,P0007,4,783.61,156.72
OI0001104,O000433,P0029,2,732.25,0.0
OI0001105,O000434,P0016,2,206.33,41.27
OI0001106,O000434,P0021,1,609.34,60.93
OI0001107,O000435,P0010,2,136.47,0.0
OI0001108,O000436,P0021,3,628.02,188.41
OI0001109,O000436,P0027,5,90.07,0.0
OI0001110,O000436,P0019,2,798.45,0.0
OI0001111,O000437,P0025,1,205.66,0.0
OI0001112,O000437,P0015,2,877.1,0.0
OI0001113,O000437,P0023,5,83.15,0.0
OI0001114,O000438,P0019,2,745.51,0.0
OI0001115,O000438,P0006,2,687.02,0.0
OI0001116,O000438,P0022,3,416.0,0.0
OI0001117,O000439,P0004,1,755.38,37.77
OI0001118,O000439,P0025,2,232.4,0.0
OI0001119,O000439,P0005,1,1019.51,101.95
OI0001120,O000440,P0025,5,223.01,111.5
OI0001121,O000440,P0024,4,327.54,0.0
OI0001122,O000440,P0024,4,356.56,0.0
OI0001123,O000441,P0015,3,807.38,0.0
OI0001124,O000441,P0020,2,245.92,0.0
OI0001125,O000442,P0022,1,415.87,20.79
OI0001126,O000442,P0007,4,813.28,325.31
OI0001127,O000442,P0017,1,518.51,0.0
OI0001128,O000442,P0013,2,506.45,50.65
OI0001129,O000443,P0012,3,377.33,113.2
OI0001130,O000443,P0003,2,361.07,36.11
OI0001131,O000443,P0024,4,351.57,0.0
OI0001132,O000444,P0005,5,965.07,0.0
OI0001133,O000444,P0007,3,833.47,250.04
OI0001134,O000444,P0011,1,570.56,57.06
OI0001135,O000444,P0025,4,203.66,40.73
OI0001136,O000445,P0007,2,879.51,0.0
OI0001137,O000445,P0018,4,696.99,0.0
OI0001138,O000446,P0001,1,835.45,0.0
OI0001139,O000446,P0021,4,592.97,0.0
OI0001140,O000447,P0001,1,918.35,45.92
OI0001141,O000447,P0003,5,362.02,181.01
OI0001142,O000448,P0023,1,84.32,8.43
OI0001143,O000448,P0001,3,836.64,0.0
OI0001144,O000448,P0005,3,945.04,0.0
OI0001145,O000448,P0012,2,327.33,0.0
OI0001146,O000449,P0017,1,488.89,0.0
OI0001147,O000449,P0025,1,220.73,0.0
OI0001148,O000449,P0018,3,792.76,0.0
OI0001149,O000450,P0027,2,84.02,16.8
OI0001150,O000450,P0010,3,152.58,22.89
OI0001151,O000450,P0011,2,502.2,0.0
OI0001152,O000451,P0014,4,895.54,0.0
OI0001153,O000452,P0005,4,1007.75,403.1
OI0001154,O000452,P0017,3,463.25,0.0
OI0001155,O000452,P0001,1,844.72,0.0
OI0001156,O000453,P0014,1,786.99,39.35
OI0001157,O000454,P0016,1,207.34,0.0
OI0001158,O000455,P0030,5,837.35,0.0
OI0001159,O000456,P0028,3,457.54,0.0
OI0001160,O000456,P0012,2,370.71,74.14
OI0001161,O000457,P0017,2,504.05,0.0
OI0001162,O000458,P0030,2,933.84,93.38
OI0001163,O000459,P0006,3,730.87,109.63
OI0001164,O000460,P0004,4,720.67,0.0
OI0001165,O000460,P0016,3,201.22,60.37
OI0001166,O000460,P0024,1,314.29,15.71
OI0001167,O000461,P0022,4,371.16,74.23
OI0001168,O000461,P0010,4,139.3,0.0
OI0001169,O000461,P0029,4,808.02,0.0
OI0001170,O000462,P0015,5,882.39,0.0
OI0001171,O000462,P0004,2,754.23,150.85
OI0001172,O000462,P0004,2,715.29,0.0
OI0001173,O000462,P0011,2,542.73,54.27
OI0001174,O000463,P0025,5,220.56,55.14
OI0001175,O000463,P0012,4,360.52,72.1
OI0001176,O000463,P0016,5,188.44,47.11
OI0001177,O000464,P0021,2,583.83,0.0
OI0001178,O000464,P0027,1,90.8,0.0
OI0001179,O000465,P0010,5,149.08,0.0
OI0001180,O000465,P0022,5,403.46,100.87
OI0001181,O000466,P0018,3,785.49,235.65
OI0001182,O000466,P0018,1,802.0,0.0
OI0001183,O000466,P0014,1,826.6,0.0
OI0001184,O000467,P0018,3,794.17,0.0
OI0001185,O000467,P0016,4,184.11,36.82
OI0001186,O000468,P0022,5,398.56,199.28
OI0001187,O000468,P0016,4,196.95,0.0
OI0001188,O000468,P0017,1,479.7,23.98
OI0001189,O000468,P0019,4,765.88,0.0
OI0001190,O000469,P0005,3,928.64,278.59
OI0001191,O000470,P0012,3,346.74,0.0
OI0001192,O000470,P0022,2,372.46,0.0
OI0001193,O000470,P0019,1,799.85,0.0
OI0001194,O000470,P0028,3,402.6,0.0
OI0001195,O000471,P0019,5,798.81,0.0
OI0001196,O000471,P0001,4,894.36,0.0
OI0001197,O000471,P0013,5,481.89,240.94
OI0001198,O000471,P0004,4,719.46,0.0
OI0001199,O000472,P0006,5,659.49,164.87
OI0001200,O000472,P0007,4,854.17,0.0
OI0001201,O000472,P0027,5,86.84,0.0
OI0001202,O000473,P0020,1,250.94,25.09
OI0001203,O000473,P0004,5,747.39,0.0
OI0001204,O000474,P0026,1,338.3,0.0
OI0001205,O000474,P0017,3,482.82,144.85
OI0001206,O000474,P0011,2,527.86,0.0
OI0001207,O000475,P0021,5,664.48,332.24
OI0001208,O000476,P0030,5,907.68,0.0
OI0001209,O000476,P0017,2,477.66,0.0
OI0001210,O000476,P0008,2,488.29,0.0
OI0001211,O000476,P0028,4,422.08,0.0
OI0001212,O000477,P0009,5,736.05,0.0
OI0001213,O000477,P0004,2,730.3,0.0
OI0001214,O000478,P0014,1,803.08,0.0
OI0001215,O000478,P0005,1,915.4,0.0
OI0001216,O000478,P0022,5,368.19,0.0
OI0001217,O000478,P0024,4,350.46,0.0
OI0001218,O000479,P0029,4,803.09,0.0
OI0001219,O000480,P0017,5,521.6,260.8
OI0001220,O000481,P0025,3,211.71,63.51
OI0001221,O000482,P0005,1,903.23,0.0
OI0001222,O000482,P0015,4,828.82,331.53
OI0001223,O000483,P0011,5,528.64,0.0
OI0001224,O000484,P0027,3,84.14,25.24
OI0001225,O000484,P0002,1,690.92,0.0
OI0001226,O000484,P0009,5,753.59,0.0
OI0001227,O000485,P0001,4,940.45,0.0
OI0001228,O000485,P0010,1,156.13,0.0
OI0001229,O000485,P0010,2,154.4,0.0
OI0001230,O000485,P0030,4,894.82,178.96
OI0001231,O000486,P0016,4,207.88,0.0
OI0001232,O000486,P0023,4,90.98,0.0
OI0001233,O000486,P0027,2,93.6,18.72
OI0001234,O000486,P0003,3,344.6,103.38
OI0001235,O000487,P0021,4,657.54,0.0
OI0001236,O000487,P0001,4,841.7,0.0
OI0001237,O000488,P0017,2,513.89,51.39
OI0001238,O000488,P0026,3,328.13,0.0
OI0001239,O000489,P0007,1,825.73,0.0
OI0001240,O000489,P0013,4,523.7,209.48
OI0001241,O000489,P0008,1,502.89,50.29
OI0001242,O000490,P0002,4,683.41,273.36
OI0001243,O000490,P0009,2,718.69,0.0
OI0001244,O000491,P0025,4,228.37,45.67
OI0001245,O000491,P0004,2,791.82,0.0
OI0001246,O000491,P0028,3,414.02,62.1
OI0001247,O000491,P0013,2,484.98,0.0
OI0001248,O000492,P0026,2,306.63,0.0
OI0001249,O000492,P0008,5,466.91,0.0
OI0001250,O000492,P0012,5,361.47,90.37
OI0001251,O000492,P0003,1,347.18,0.0
OI0001252,O000493,P0024,5,323.28,0.0
OI0001253,O000493,P0018,1,698.13,0.0
OI0001254,O000493,P0016,3,209.99,63.0
OI0001255,O000493,P0023,1,79.45,7.95
OI0001256,O000494,P0029,5,703.46,0.0
OI0001257,O000494,P0009,2,767.64,0.0
OI0001258,O000495,P0005,3,894.7,0.0
OI0001259,O000495,P0005,4,1005.11,0.0
OI0001260,O000495,P0024,3,357.9,0.0
OI0001261,O000495,P0029,3,770.04,0.0
OI0001262,O000496,P0024,4,349.5,0.0
OI0001263,O000496,P0018,4,698.26,0.0
OI0001264,O000496,P0002,2,638.51,63.85
OI0001265,O000497,P0002,4,656.41,262.56
OI0001266,O000497,P0016,4,194.87,0.0
OI0001267,O000497,P0004,3,718.7,0.0
OI0001268,O000497,P0006,2,706.65,0.0
OI0001269,O000498,P0017,5,463.88,0.0
OI0001270,O000499,P0001,3,907.03,0.0
OI0001271,O000499,P0013,3,496.97,0.0
OI0001272,O000499,P0027,3,85.99,0.0
OI0001273,O000500,P0020,1,236.43,0.0
OI0001274,O000500,P0021,5,673.02,0.0
OI0001275,O000500,P0024,5,316.72,0.0
OI9999001,O000001,P0001,0,100.0,0.0
OI9999002,O999999,P0001,1,100.0,0.0
